<wpml-config>

    <custom-fields>
		<custom-field action="copy">_dt_post_settings</custom-field>
		<custom-field action="copy">_portfolio_settings</custom-field>
		<custom-field action="copy">_tpl_default_settings</custom-field>
		<custom-field action="copy">_custom_settings</custom-field>
		<custom-field action="copy">_dt_custom_settings</custom-field>
    </custom-fields>

    <custom-types>
        <custom-type translate="1">dt_portfolios</custom-type>
        <custom-type translate="1">dt_headers</custom-type>
        <custom-type translate="1">dt_footers</custom-type>
        <custom-type translate="1">dt_mega_menus</custom-type>
    <custom-types>

    <taxonomies>
        <taxonomy translate="1">portfolio_entries</taxonomy>
		<taxonomy translate="0">dt_dummy</taxonomy>
    </taxonomies>

    <language-switcher-settings>
        <key name="icl_lang_sel_config">
            <key name="font-current-normal">#444444</key>
            <key name="font-current-hover">#000000</key>
            <key name="background-current-normal">#ffffff</key>
            <key name="background-current-hover">#eeeeee</key>
            <key name="font-other-normal">#444444</key>
            <key name="font-other-hover">#000000</key>
            <key name="background-other-normal">#ffffff</key>
            <key name="background-other-hover">#eeeeee</key>
            <key name="border">#cdcdcd</key>
        </key>
        <key name="icl_lang_sel_footer_config">
            <key name="font-current-normal">#444444</key>
            <key name="font-current-hover">#000000</key>
            <key name="background-current-normal">#ffffff</key>
            <key name="background-current-hover">#eeeeee</key>
            <key name="font-other-normal">#444444</key>
            <key name="font-other-hover">#000000</key>
            <key name="background-other-normal">#ffffff</key>
            <key name="background-other-hover">#eeeeee</key>
            <key name="border">#cdcdcd</key>
        </key>    
        <key name="icl_language_switcher_sidebar">0</key>  
        <key name="icl_widget_title_show">0</key>
        <key name="icl_lang_sel_type">dropdown</key>
        <key name="icl_lso_link_empty">0</key>
        <key name="icl_lso_flags">0</key>
        <key name="icl_lso_native_lang">1</key>
        <key name="icl_lso_display_lang">1</key>
        <key name="icl_lang_sel_footer">0</key>
        <key name="icl_post_availability">0</key>
        <key name="icl_post_availability_position">below</key>
        <key name="icl_post_availability_text">This post is also available in: %s</key>    
    </language-switcher-settings>
    <admin-texts>
        <key name="houzy-settings">
			<key name="google-map-key"/>
			<key name="mailchimp-key"/>
			<key name="blog-readmore-text"/>
			<key name="post-related-title"/>
			<key name="post-related-count"/>
			<key name="top-hook"/>
			<key name="content-before-hook"/>
			<key name="content-after-hook"/>
			<key name="bottom-hook"/>            
			<key name="analytics-code"/>
			<key name="sociable-delicious"/>
			<key name="sociable-deviantart"/>
			<key name="sociable-digg"/>
			<key name="sociable-dribbble"/>
			<key name="sociable-envelope"/>
			<key name="sociable-facebook"/>
			<key name="sociable-flickr"/>
			<key name="sociable-google-plus"/>
			<key name="sociable-gtalk"/>
			<key name="sociable-instagram"/>
			<key name="sociable-lastfm"/>
			<key name="sociable-linkedin"/>
			<key name="sociable-pinterest"/>
			<key name="sociable-reddit"/>
			<key name="sociable-rss"/>
			<key name="sociable-skype"/>
			<key name="sociable-stumbleupon"/>
			<key name="sociable-tumblr"/>
			<key name="sociable-twitter"/>
			<key name="sociable-viadeo"/>
			<key name="sociable-vimeo"/>
			<key name="sociable-yahoo"/>
			<key name="sociable-youtube"/>
			<key name="custom-font1-name"/>
			<key name="custom-font2-name"/>
			<key name="single-portfolio-slug"/>
			<key name="portfolio-category-slug"/>
			<key name="dt-portfolio-custom-field-1"/>
			<key name="dt-portfolio-custom-field-2"/>
			<key name="dt-portfolio-custom-field-3"/>
			<key name="dt-portfolio-custom-field-4"/>
			<key name="dt-portfolio-custom-field-5"/>
			<key name="privacy-commentform-msg"/>
			<key name="privacy-subscribeform-msg"/>
			<key name="privacy-loginform-msg"/>
			<key name="cookie-consent-msg"/>
			<key name="custom-model-heading"/>
			<key name="custom-model-content"/>
			<key name="additional-js"/>
        </key>
    </admin-texts>
</wpml-config>